,File,Score1,Score2,Score3,Score4,Score5
0,212 Session 9.xlsx,4.027329192546584,3.9254658385093166,3.8633540372670807,3.8559006211180122,2.554037267080745
